show_id,title,listed_in
s299,Act of Valor,Action & Adventure
s31,#cats_the_mewvie,"Documentaries, International Movies"
s348,Ai Weiwei: Never Sorry,Documentaries
s3556,League of Legends Origins,Documentaries
s3701,Lockout,"Action & Adventure, International Movies, Sci-Fi & Fantasy"
s3824,Lupin the 3rd: The Castle of Cagliostro: Special Edition,"Action & Adventure, Anime Features, Classic Movies"
s3701,Lockout,"Action & Adventure, International Movies, Sci-Fi & Fantasy"
s393,Alice Doesn't Live Here Anymore,"Classic Movies, Comedies, Dramas"
s5107,Ravenous,"Horror Movies, International Movies"
s5324,"SÃ­, Mi Amor","Comedies, International Movies, Romantic Movies"
s542,Anon,"Dramas, Sci-Fi & Fantasy, Thrillers"
s55,100 Meters,"Dramas, International Movies, Sports Movies"
s5880,Summer of '92,"Dramas, International Movies, Sports Movies"
s7425,Violet Evergarden: Eternity and the Auto Memory Doll,"Anime Features, International Movies, Sci-Fi & Fantasy"
s7577,Wheels of Fortune,"Comedies, Sports Movies"
s848,Bert Kreischer: Secret Time,Stand-Up Comedy
s1122,Bruno and Boots: This Can't Be Happening at Macdonald Hall,"Children & Family Movies, Comedies"
s2072,Extraction,Action & Adventure
s262,A.M.I.,Horror Movies
s2905,I Am Vengeance: Retaliation,Action & Adventure
s734,Barbie & Her Sisters in a Pony Tale,Children & Family Movies
s747,Barbie: The Princess & the Popstar,Children & Family Movies
s4208,Monty Python and the Holy Grail,"Action & Adventure, Classic Movies, Comedies"
s4219,Monty Python's Life of Brian,"Classic Movies, Comedies, Cult Movies"
s1673,Death Note,"Horror Movies, Thrillers"
s7553,"What Happened, Miss Simone?","Documentaries, Music & Musicals"
s5262,ROMA,"Dramas, Independent Movies, International Movies"
s1401,City of God,"Dramas, Independent Movies, International Movies"
s4768,Paranormal Activity,"Horror Movies, Thrillers"
